{
  "0": {
    "k_reasoning": 47,
    "personality_reasoning_overlap": 0.9746569991111755,
    "top10_personality_overlaps": [
      0.9776763916015625,
      0.8765791058540344,
      0.9065418243408203,
      0.8848128318786621,
      0.9349851012229919,
      0.838371992111206,
      0.868187427520752,
      0.9343394637107849,
      0.912591278553009,
      0.9127021431922913
    ],
    "mean_overlap": 0.9046787559986115,
    "safe_for_ablation": false
  },
  "1": {
    "k_reasoning": 64,
    "personality_reasoning_overlap": 0.8630598783493042,
    "top10_personality_overlaps": [
      0.8698611855506897,
      0.8488995432853699,
      0.7031517624855042,
      0.8454997539520264,
      0.8804386258125305,
      0.8676909804344177,
      0.8420230746269226,
      0.7784386873245239,
      0.8430189490318298,
      0.820947527885437
    ],
    "mean_overlap": 0.8299970090389251,
    "safe_for_ablation": false
  },
  "2": {
    "k_reasoning": 64,
    "personality_reasoning_overlap": 0.7197410464286804,
    "top10_personality_overlaps": [
      0.7274439930915833,
      0.7410094141960144,
      0.7075119614601135,
      0.6087578535079956,
      0.7685083746910095,
      0.7773696184158325,
      0.7455304861068726,
      0.8025151491165161,
      0.7773056626319885,
      0.6319319009780884
    ],
    "mean_overlap": 0.7287884414196014,
    "safe_for_ablation": false
  },
  "3": {
    "k_reasoning": 64,
    "personality_reasoning_overlap": 0.7363641858100891,
    "top10_personality_overlaps": [
      0.7443457841873169,
      0.7368184924125671,
      0.681413471698761,
      0.9024964570999146,
      0.6052379012107849,
      0.6629272699356079,
      0.7453483939170837,
      0.6464482545852661,
      0.7278600335121155,
      0.6221064925193787
    ],
    "mean_overlap": 0.7075002551078796,
    "safe_for_ablation": false
  },
  "4": {
    "k_reasoning": 64,
    "personality_reasoning_overlap": 0.751271665096283,
    "top10_personality_overlaps": [
      0.7578927874565125,
      0.6890588998794556,
      0.6168593764305115,
      0.5599673986434937,
      0.8778722286224365,
      0.6454547643661499,
      0.6532667875289917,
      0.5946417450904846,
      0.6132842302322388,
      0.6192363500595093
    ],
    "mean_overlap": 0.6627534568309784,
    "safe_for_ablation": false
  },
  "5": {
    "k_reasoning": 64,
    "personality_reasoning_overlap": 0.7661049365997314,
    "top10_personality_overlaps": [
      0.7719550132751465,
      0.7114567756652832,
      0.6016237735748291,
      0.5422414541244507,
      0.7924371957778931,
      0.760821521282196,
      0.5859385132789612,
      0.6790240406990051,
      0.6564844250679016,
      0.598084568977356
    ],
    "mean_overlap": 0.6700067281723022,
    "safe_for_ablation": false
  },
  "6": {
    "k_reasoning": 64,
    "personality_reasoning_overlap": 0.7283514142036438,
    "top10_personality_overlaps": [
      0.7330300807952881,
      0.6932801604270935,
      0.5758140087127686,
      0.5784665942192078,
      0.6034407615661621,
      0.8133265972137451,
      0.6916115880012512,
      0.6675066947937012,
      0.5642938017845154,
      0.5851025581359863
    ],
    "mean_overlap": 0.650587284564972,
    "safe_for_ablation": false
  },
  "7": {
    "k_reasoning": 64,
    "personality_reasoning_overlap": 0.6903557181358337,
    "top10_personality_overlaps": [
      0.6914718747138977,
      0.6595766544342041,
      0.6210364103317261,
      0.6437904238700867,
      0.527655303478241,
      0.7658286094665527,
      0.7643158435821533,
      0.7299162745475769,
      0.722700834274292,
      0.5870508551597595
    ],
    "mean_overlap": 0.671334308385849,
    "safe_for_ablation": false
  },
  "8": {
    "k_reasoning": 64,
    "personality_reasoning_overlap": 0.6692973971366882,
    "top10_personality_overlaps": [
      0.6714876294136047,
      0.6133255958557129,
      0.5988593697547913,
      0.5667991042137146,
      0.5511511564254761,
      0.7103701233863831,
      0.7245367169380188,
      0.6471430063247681,
      0.5362016558647156,
      0.6526135802268982
    ],
    "mean_overlap": 0.6272487938404083,
    "safe_for_ablation": false
  },
  "9": {
    "k_reasoning": 64,
    "personality_reasoning_overlap": 0.6832562685012817,
    "top10_personality_overlaps": [
      0.6831434369087219,
      0.66118985414505,
      0.6354232430458069,
      0.6157023310661316,
      0.6267797946929932,
      0.7166980504989624,
      0.7408928871154785,
      0.7554709315299988,
      0.6776164770126343,
      0.6853224039077759
    ],
    "mean_overlap": 0.6798239409923553,
    "safe_for_ablation": false
  },
  "10": {
    "k_reasoning": 64,
    "personality_reasoning_overlap": 0.6050050854682922,
    "top10_personality_overlaps": [
      0.6045417785644531,
      0.6323562264442444,
      0.5987956523895264,
      0.594951868057251,
      0.5535160303115845,
      0.6055530309677124,
      0.7129690647125244,
      0.6355931758880615,
      0.705300509929657,
      0.7582332491874695
    ],
    "mean_overlap": 0.6401810586452484,
    "safe_for_ablation": false
  },
  "11": {
    "k_reasoning": 64,
    "personality_reasoning_overlap": 0.6020874381065369,
    "top10_personality_overlaps": [
      0.6013946533203125,
      0.6381762623786926,
      0.5876981616020203,
      0.5858975648880005,
      0.562381386756897,
      0.6598603129386902,
      0.6780191659927368,
      0.6764335632324219,
      0.7109659910202026,
      0.7158324122428894
    ],
    "mean_overlap": 0.6416659474372863,
    "safe_for_ablation": false
  },
  "12": {
    "k_reasoning": 64,
    "personality_reasoning_overlap": 0.6733010411262512,
    "top10_personality_overlaps": [
      0.6722458600997925,
      0.7243559956550598,
      0.6656566262245178,
      0.6322188377380371,
      0.7019898295402527,
      0.7126941084861755,
      0.7684580087661743,
      0.674752950668335,
      0.6908125877380371,
      0.6570122838020325
    ],
    "mean_overlap": 0.6900197088718414,
    "safe_for_ablation": false
  },
  "13": {
    "k_reasoning": 63,
    "personality_reasoning_overlap": 0.6677766442298889,
    "top10_personality_overlaps": [
      0.6666679978370667,
      0.7162888646125793,
      0.644245982170105,
      0.6261457800865173,
      0.7221255302429199,
      0.669716477394104,
      0.7676955461502075,
      0.6889256238937378,
      0.6957743763923645,
      0.6623918414115906
    ],
    "mean_overlap": 0.6859978020191193,
    "safe_for_ablation": false
  },
  "14": {
    "k_reasoning": 64,
    "personality_reasoning_overlap": 0.6782522201538086,
    "top10_personality_overlaps": [
      0.6784948110580444,
      0.7123147249221802,
      0.657762348651886,
      0.6988178491592407,
      0.6982742547988892,
      0.7197046279907227,
      0.7135606408119202,
      0.7524383068084717,
      0.7242581844329834,
      0.6920452117919922
    ],
    "mean_overlap": 0.7047670960426331,
    "safe_for_ablation": false
  },
  "15": {
    "k_reasoning": 63,
    "personality_reasoning_overlap": 0.7292818427085876,
    "top10_personality_overlaps": [
      0.7293484210968018,
      0.6989995241165161,
      0.6367329955101013,
      0.7348539233207703,
      0.7133231163024902,
      0.7874070405960083,
      0.5934492945671082,
      0.7572740316390991,
      0.7609291672706604,
      0.7362101674079895
    ],
    "mean_overlap": 0.7148527681827546,
    "safe_for_ablation": false
  },
  "16": {
    "k_reasoning": 64,
    "personality_reasoning_overlap": 0.7605577111244202,
    "top10_personality_overlaps": [
      0.759929895401001,
      0.6888073086738586,
      0.6681218147277832,
      0.7283637523651123,
      0.7511256337165833,
      0.7127217054367065,
      0.6921565532684326,
      0.7290608882904053,
      0.7712751626968384,
      0.609403669834137
    ],
    "mean_overlap": 0.7110966384410858,
    "safe_for_ablation": false
  },
  "17": {
    "k_reasoning": 64,