{
  "baseline": {
    "condition": "baseline",
    "sarcastic_pct": 33.33333333333333,
    "assistant_pct": 20.0,
    "avg_markers": 0.36666666666666664,
    "avg_entropy": 0.4243884027642671,
    "avg_top1_prob": 0.827711218230005,
    "n_prompts": 30,
    "feedback_diagnostics": {},
    "logit_diagnostics": {}
  },
  "static_actadd": {
    "condition": "static_actadd",
    "sarcastic_pct": 40.0,
    "assistant_pct": 0.0,
    "avg_markers": 0.5333333333333333,
    "avg_entropy": 0.7488082851100988,
    "avg_top1_prob": 0.7336913264256484,
    "n_prompts": 30,
    "feedback_diagnostics": {},
    "logit_diagnostics": {}
  },
  "static+binary_lp": {
    "condition": "static+binary_lp",
    "sarcastic_pct": 36.666666666666664,
    "assistant_pct": 3.3333333333333335,
    "avg_markers": 0.6,
    "avg_entropy": 0.8084482981241828,
    "avg_top1_prob": 0.7162924610729243,
    "n_prompts": 30,
    "feedback_diagnostics": {},
    "logit_diagnostics": {}
  },
  "static+field_lp": {
    "condition": "static+field_lp",
    "sarcastic_pct": 36.666666666666664,
    "assistant_pct": 0.0,
    "avg_markers": 0.4,
    "avg_entropy": 0.6098583541704944,
    "avg_top1_prob": 0.797741815592721,
    "n_prompts": 30,
    "feedback_diagnostics": {},
    "logit_diagnostics": {
      "mean_entropy": 3.5672237252272048,
      "mean_confidence": 0.40681512338085507,
      "mean_scale": 0.5847705863665985
    }
  },
  "kernel_linear": {
    "condition": "kernel_linear",
    "sarcastic_pct": 13.333333333333334,
    "assistant_pct": 0.0,
    "avg_markers": 0.13333333333333333,
    "avg_entropy": 0.7138042760114282,
    "avg_top1_prob": 0.744514392547413,
    "n_prompts": 30,
    "feedback_diagnostics": {},
    "logit_diagnostics": {}
  },
  "kernel_quadratic": {
    "condition": "kernel_quadratic",
    "sarcastic_pct": 43.333333333333336,
    "assistant_pct": 6.666666666666667,
    "avg_markers": 0.43333333333333335,
    "avg_entropy": 0.7523650421026409,
    "avg_top1_prob": 0.734556069115916,
    "n_prompts": 30,
    "feedback_diagnostics": {},
    "logit_diagnostics": {}
  },
  "kernel_sigmoid": {
    "condition": "kernel_sigmoid",
    "sarcastic_pct": 30.0,
    "assistant_pct": 3.3333333333333335,
    "avg_markers": 0.3,
    "avg_entropy": 0.7236107917874138,
    "avg_top1_prob": 0.7376084065282618,
    "n_prompts": 30,
    "feedback_diagnostics": {},
    "logit_diagnostics": {}
  },
  "svd_k3": {
    "condition": "svd_k3",
    "sarcastic_pct": 16.666666666666664,
    "assistant_pct": 0.0,
    "avg_markers": 0.2,
    "avg_entropy": 0.4459844594404994,
    "avg_top1_prob": 0.8594974385424334,
    "n_prompts": 30,
    "feedback_diagnostics": {},
    "logit_diagnostics": {}
  },
  "svd_k6": {
    "condition": "svd_k6",
    "sarcastic_pct": 36.666666666666664,
    "assistant_pct": 0.0,
    "avg_markers": 0.36666666666666664,
    "avg_entropy": 0.8286698328822263,
    "avg_top1_prob": 0.7470073928330475,
    "n_prompts": 30,
    "feedback_diagnostics": {},
    "logit_diagnostics": {}
  },
  "dynamic_quadratic": {
    "condition": "dynamic_quadratic",
    "sarcastic_pct": 33.33333333333333,
    "assistant_pct": 0.0,
    "avg_markers": 0.36666666666666664,
    "avg_entropy": 0.7705270992028933,
    "avg_top1_prob": 0.7421176861122462,
    "n_prompts": 30,
    "feedback_diagnostics": {
      "mean_projection": 31.842853175354005,
      "mean_adaptive_factor": 0.953634375,
      "mean_correction_norm": 19.07335,
      "min_adaptive_factor": 0.0,
      "max_adaptive_factor": 2.0,
      "per_layer_mean_factor": {
        "0": 0.780016447368421,
        "1": 1.0367822966507176,
        "2": 0.9379485645933014,
        "3": 0.504205293062201,
        "4": 0.8217703349282297,
        "5": 0.3754298744019139,
        "6": 0.7790071770334929,
        "7": 0.20906848086124402,
        "8": 0.45956655649038464,
        "9": 0.24363356370192307,
        "10": 1.3177771935096154,
        "11": 1.1193659855769231,
        "12": 1.0698429987980769,
        "13": 0.14475661057692307,
        "14": 1.8943058894230769,
        "15": 1.6596304086538463,
        "16": 1.9999624399038463,
        "17": 0.2989032451923077,
        "18": 1.9081655649038463,
        "19": 0.22752028245192307,
        "20": 1.64404296875,
        "21": 1.4660268930288463,
        "22": 2.0,
        "23": 0.0
      }
    },
    "logit_diagnostics": {}
  },
  "dynamic_quadratic+field_lp": {
    "condition": "dynamic_quadratic+field_lp",
    "sarcastic_pct": 43.333333333333336,
    "assistant_pct": 0.0,
    "avg_markers": 0.5666666666666667,
    "avg_entropy": 0.7540827337804914,
    "avg_top1_prob": 0.747926070897283,
    "n_prompts": 30,
    "feedback_diagnostics": {
      "mean_projection": 24.380678759765626,
      "mean_adaptive_factor": 0.8716109375,
      "mean_correction_norm": 17.43190625,
      "min_adaptive_factor": 0.0,
      "max_adaptive_factor": 2.0,
      "per_layer_mean_factor": {
        "0": 0.6309995514354066,
        "1": 0.921239533492823,
        "2": 0.7824648624401914,
        "3": 0.41032446172248804,
        "4": 0.6314481160287081,
        "5": 0.25332685406698563,
        "6": 0.6254485645933014,
        "7": 0.15051211124401914,
        "8": 0.2793719951923077,
        "9": 0.1390099158653846,
        "10": 0.8798452524038461,
        "11": 0.7548828125,
        "12": 0.6680063100961539,
        "13": 0.026611328125,
        "14": 1.8578350360576923,
        "15": 1.6691518930288463,
        "16": 1.9947791466346154,
        "17": 0.13596754807692307,
        "18": 1.9029447115384615,
        "19": 0.4836989182692308,
        "20": 1.9134239783653846,
        "21": 1.8197115384615385,
        "22": 2.0,
        "23": 0.0
      }
    },
    "logit_diagnostics": {
      "mean_entropy": 2.986459100936964,
      "mean_confidence": 0.5022568165105059,
      "mean_scale": 0.6515797715573542
    }
  },
  "kernel_svd_quad_k3": {
    "condition": "kernel_svd_quad_k3",
    "sarcastic_pct": 10.0,
    "assistant_pct": 0.0,
    "avg_markers": 0.1,
    "avg_entropy": 0.36733847362200645,
    "avg_top1_prob": 0.8817309150349808,
    "n_prompts": 30,
    "feedback_diagnostics": {},
    "logit_diagnostics": {}
  }
}