{
  "Identity": {
    "k80": 9,
    "k90": 14,
    "k95": 18,
    "singular_values_top5": [
      478.42120361328125,
      376.4614562988281,
      319.70819091796875,
      260.89447021484375,
      208.6028594970703
    ],
    "var_explained_top5": [
      0.2648467421531677,
      0.42883577942848206,
      0.5471076369285583,
      0.6258671879768372,
      0.6762189865112305
    ]
  },
  "Emotion: Joy": {
    "k80": 10,
    "k90": 15,
    "k95": 19,
    "singular_values_top5": [
      416.70855712890625,
      368.1014404296875,
      303.5550537109375,
      273.3454895019531,
      243.1636962890625
    ],
    "var_explained_top5": [
      0.20168183743953705,
      0.3590572774410248,
      0.4660802483558655,
      0.5528614521026611,
      0.6215365529060364
    ]
  },
  "Emotion: Sadness": {
    "k80": 10,
    "k90": 15,
    "k95": 19,
    "singular_values_top5": [
      379.8636169433594,
      354.2658996582031,
      282.065673828125,
      251.8242950439453,
      217.17506408691406
    ],
    "var_explained_top5": [
      0.19783616065979004,
      0.3699076473712921,
      0.4789890646934509,
      0.5659342408180237,
      0.6305993795394897
    ]
  },
  "Emotion: Anger": {
    "k80": 10,
    "k90": 16,
    "k95": 20,
    "singular_values_top5": [
      367.3893737792969,
      327.7117614746094,
      257.22161865234375,
      235.5134735107422,
      212.67430114746094
    ],
    "var_explained_top5": [
      0.20324210822582245,
      0.36495497822761536,
      0.46458160877227783,
      0.5481019020080566,
      0.6162087321281433
    ]
  },
  "Emotion: Fear": {
    "k80": 10,
    "k90": 15,
    "k95": 20,
    "singular_values_top5": [
      340.0860595703125,
      294.18646240234375,
      240.5413055419922,
      217.17271423339844,
      191.52134704589844
    ],
    "var_explained_top5": [
      0.20647743344306946,
      0.36098164319992065,
      0.46427544951438904,
      0.548474133014679,
      0.6139572858810425
    ]
  },
  "Tone: Formal": {
    "k80": 10,
    "k90": 16,
    "k95": 20,
    "singular_values_top5": [
      450.49334716796875,
      394.5826721191406,
      323.86859130859375,
      289.933837890625,
      251.2183074951172
    ],
    "var_explained_top5": [
      0.21049882471561432,
      0.3719900846481323,
      0.48078545928001404,
      0.5679762959480286,
      0.6334362030029297
    ]
  },
  "Tone: Sarcastic": {
    "k80": 9,
    "k90": 14,
    "k95": 18,
    "singular_values_top5": [
      425.1264343261719,
      360.9183654785156,
      296.859375,
      259.3777770996094,
      225.57290649414062
    ],
    "var_explained_top5": [
      0.2251240462064743,
      0.3873811364173889,
      0.49715203046798706,
      0.5809534192085266,
      0.6443344354629517
    ]
  },
  "Tone: Polite": {
    "k80": 10,
    "k90": 15,
    "k95": 19,
    "singular_values_top5": [
      423.2791442871094,
      333.2063903808594,
      303.6869812011719,
      257.1243896484375,
      234.71897888183594
    ],
    "var_explained_top5": [
      0.21830326318740845,
      0.35358312726020813,
      0.4659552574157715,
      0.5465103983879089,
      0.6136382818222046
    ]
  },
  "Domain: Math": {
    "k80": 8,
    "k90": 14,
    "k95": 19,
    "singular_values_top5": [
      460.6646728515625,
      322.0602111816406,
      261.7660827636719,
      213.07818603515625,
      192.375244140625
    ],
    "var_explained_top5": [
      0.31727585196495056,
      0.47235068678855896,
      0.5747964382171631,
      0.6426769495010376,
      0.6980075836181641
    ]
  },
  "Domain: Science": {
    "k80": 9,
    "k90": 15,
    "k95": 19,
    "singular_values_top5": [
      387.35540771484375,
      361.856201171875,
      259.646484375,
      246.02931213378906,
      213.99171447753906
    ],
    "var_explained_top5": [
      0.21200354397296906,
      0.3970138132572174,
      0.49226903915405273,
      0.5777949094772339,
      0.6424969434738159
    ]
  },
  "Domain: Code": {
    "k80": 10,
    "k90": 15,
    "k95": 19,
    "singular_values_top5": [
      402.2689208984375,
      356.7481384277344,
      284.47344970703125,
      246.705810546875,
      210.05325317382812
    ],
    "var_explained_top5": [
      0.2202586829662323,
      0.3934888243675232,
      0.5036386251449585,
      0.5864821672439575,
      0.646538496017456
    ]
  },
  "Domain: History": {
    "k80": 9,
    "k90": 15,
    "k95": 19,
    "singular_values_top5": [
      390.66046142578125,
      329.6791076660156,
      269.0264892578125,
      232.27015686035156,
      188.54644775390625
    ],
    "var_explained_top5": [
      0.2347138226032257,
      0.40187007188796997,
      0.5131789445877075,
      0.5961500406265259,
      0.6508234739303589
    ]
  },
  "Reasoning: Analytical": {
    "k80": 10,
    "k90": 15,
    "k95": 19,
    "singular_values_top5": [
      375.39251708984375,
      347.4141540527344,
      272.7537536621094,
      243.0438995361328,
      209.01275634765625
    ],
    "var_explained_top5": [
      0.2047458440065384,
      0.38010919094085693,
      0.4881991446018219,
      0.5740240216255188,
      0.637497067451477
    ]
  },
  "Reasoning: Certainty": {
    "k80": 10,
    "k90": 15,
    "k95": 20,
    "singular_values_top5": [
      379.7857666015625,
      358.2317199707031,
      284.5601501464844,
      251.15029907226562,
      220.7235870361328
    ],
    "var_explained_top5": [
      0.19431419670581818,
      0.3671983480453491,
      0.4762859642505646,
      0.5612616539001465,
      0.626895010471344
    ]
  },
  "Safety: Refusal": {
    "k80": 9,
    "k90": 14,
    "k95": 18,
    "singular_values_top5": [
      512.446044921875,
      431.2720947265625,
      370.1241760253906,
      306.5881652832031,
      267.77923583984375
    ],
    "var_explained_top5": [
      0.2328995168209076,
      0.3978581726551056,
      0.5193556547164917,
      0.6027204990386963,
      0.6663159728050232
    ]
  },
  "Role: Teacher": {
    "k80": 10,
    "k90": 15,
    "k95": 20,
    "singular_values_top5": [
      377.88641357421875,
      355.379638671875,
      281.98394775390625,
      253.4767608642578,
      223.0216827392578
    ],
    "var_explained_top5": [
      0.19387970864772797,
      0.3653523623943329,
      0.47331133484840393,
      0.5605453848838806,
      0.6280764937400818
    ]
  },
  "Role: Authority": {
    "k80": 10,
    "k90": 16,
    "k95": 20,
    "singular_values_top5": [
      374.56817626953125,
      340.0199890136719,
      285.8142395019531,
      242.3595733642578,
      223.2866668701172
    ],
    "var_explained_top5": [
      0.19967110455036163,
      0.3642076551914215,
      0.48046523332595825,
      0.5640589594841003,
      0.6350133419036865
    ]
  },
  "Verbosity: Brief": {
    "k80": 9,
    "k90": 14,
    "k95": 17,
    "singular_values_top5": [
      567.30810546875,
      360.2863464355469,
      310.86724853515625,
      288.201171875,
      243.88621520996094
    ],
    "var_explained_top5": [
      0.3071654438972473,
      0.43105366826057434,
      0.5232862234115601,
      0.6025593280792236,
      0.659328043460846
    ]
  },
  "Language: EN vs CN": {
    "k80": 9,
    "k90": 15,
    "k95": 20,
    "singular_values_top5": [
      611.8687133789062,
      435.50616455078125,
      377.73284912109375,
      307.317138671875,
      282.9794921875
    ],
    "var_explained_top5": [
      0.28280559182167053,
      0.4260772168636322,
      0.5338579416275024,
      0.6051998734474182,
      0.6656895875930786
    ]
  },
  "Sentiment: Positive": {
    "k80": 10,
    "k90": 15,
    "k95": 19,
    "singular_values_top5": [
      350.4188537597656,
      307.9033508300781,
      252.2931365966797,
      229.45167541503906,
      205.46839904785156
    ],
    "var_explained_top5": [
      0.20361100137233734,
      0.36081191897392273,
      0.4663568139076233,
      0.5536556839942932,
      0.6236586570739746
    ]
  }
}