{
  "baseline_scores": {
    "identity": [
      1.0,
      1.0,
      1.0,
      1.0,
      1.0,
      1.0,
      1.0,
      1.0,
      1.0,
      1.0
    ],
    "sarcasm": [
      0.0,
      0.0,
      0.0,
      0.3333333333333333,
      0.0,
      0.3333333333333333,
      0.0,
      0.6666666666666666,
      0.0,
      0.3333333333333333
    ],
    "math": [
      0.0,
      1.0,
      0.0,
      1.0,
      0.0,
      0.0,
      0.0,
      0.0,
      0.0,
      0.0
    ],
    "code": [
      1.0,
      1.0,
      1.0,
      1.0,
      1.0,
      1.0,
      1.0,
      1.0,
      1.0,
      1.0
    ],
    "formality": [
      0.0,
      0.5,
      0.0,
      0.0,
      0.0,
      0.0,
      0.0,
      0.0,
      0.0,
      0.0
    ],
    "refusal": [
      0.0,
      0.0,
      0.0,
      0.0,
      0.0,
      0.0,
      0.0,
      0.0,
      0.0,
      0.0
    ],
    "language": [
      1.0,
      1.0,
      1.0,
      1.0,
      1.0,
      1.0,
      1.0,
      1.0,
      1.0,
      1.0
    ],
    "reasoning": [
      0.0,
      0.0,
      1.0,
      0.5,
      1.0,
      1.0,
      0.5,
      0.0,
      1.0,
      0.0
    ],
    "creativity": [
      1.0,
      0.3333333333333333,
      1.0,
      0.6666666666666666,
      0.6666666666666666,
      0.3333333333333333,
      0.6666666666666666,
      0.0,
      1.0,
      0.3333333333333333
    ],
    "helpfulness": [
      1.0,
      0.5,
      0.5,
      1.0,
      0.0,
      1.0,
      1.0,
      0.5,
      0.0,
      1.0
    ]
  },
  "behavior_impact": {
    "0": {
      "identity": 1.0,
      "sarcasm": 0.1667,
      "math": 0.2,
      "code": 1.0,
      "formality": 0.05,
      "refusal": 0.0,
      "language": 0.5,
      "reasoning": 0.5,
      "creativity": 0.6,
      "helpfulness": 0.65
    },
    "1": {
      "identity": null,
      "sarcasm": null,
      "math": null,
      "code": null,
      "formality": null,
      "refusal": null,
      "language": 0.0,
      "reasoning": null,
      "creativity": null,
      "helpfulness": null
    },
    "2": {
      "identity": null,
      "sarcasm": null,
      "math": null,
      "code": null,
      "formality": null,
      "refusal": null,
      "language": null,
      "reasoning": null,
      "creativity": null,
      "helpfulness": null
    },
    "3": {
      "identity": null,
      "sarcasm": null,
      "math": null,
      "code": null,
      "formality": null,
      "refusal": null,
      "language": null,
      "reasoning": -0.05,
      "creativity": null,
      "helpfulness": null
    },
    "4": {
      "identity": null,
      "sarcasm": null,
      "math": null,
      "code": null,
      "formality": null,
      "refusal": 0.0,
      "language": null,
      "reasoning": null,
      "creativity": 0.2,
      "helpfulness": null
    },
    "5": {
      "identity": null,
      "sarcasm": null,
      "math": null,
      "code": null,
      "formality": null,
      "refusal": null,
      "language": null,
      "reasoning": 0.15,
      "creativity": null,
      "helpfulness": null
    },
    "6": {
      "identity": 0.6,
      "sarcasm": 0.1333,
      "math": -0.1,
      "code": 0.1,
      "formality": 0.05,
      "refusal": 0.0,
      "language": 0.3,
      "reasoning": 0.1,
      "creativity": 0.4,
      "helpfulness": 0.55
    },
    "7": {
      "identity": null,
      "sarcasm": null,
      "math": 0.1,
      "code": null,
      "formality": null,
      "refusal": null,
      "language": null,
      "reasoning": null,
      "creativity": null,
      "helpfulness": null
    },
    "8": {
      "identity": null,
      "sarcasm": null,
      "math": null,
      "code": null,
      "formality": null,
      "refusal": null,
      "language": 0.0,
      "reasoning": null,
      "creativity": null,
      "helpfulness": null
    },
    "9": {
      "identity": null,
      "sarcasm": null,
      "math": null,
      "code": null,
      "formality": 0.05,
      "refusal": 0.0,
      "language": 0.1,
      "reasoning": null,
      "creativity": null,
      "helpfulness": null
    },
    "10": {
      "identity": null,
      "sarcasm": null,
      "math": null,
      "code": 0.05,
      "formality": null,
      "refusal": 0.0,
      "language": 0.0,
      "reasoning": null,
      "creativity": null,
      "helpfulness": null
    },
    "11": {
      "identity": null,
      "sarcasm": null,
      "math": null,
      "code": null,
      "formality": null,
      "refusal": 0.0,
      "language": null,
      "reasoning": null,
      "creativity": null,
      "helpfulness": null
    },
    "12": {
      "identity": null,
      "sarcasm": null,
      "math": null,
      "code": null,
      "formality": null,
      "refusal": 0.0,
      "language": null,
      "reasoning": 0.2,
      "creativity": null,
      "helpfulness": null
    },
    "13": {
      "identity": null,
      "sarcasm": null,
      "math": null,
      "code": 0.0,
      "formality": null,
      "refusal": null,
      "language": null,
      "reasoning": null,
      "creativity": null,
      "helpfulness": null
    },
    "14": {
      "identity": null,
      "sarcasm": null,
      "math": 0.0,
      "code": null,
      "formality": 0.0,
      "refusal": null,
      "language": null,
      "reasoning": -0.05,
      "creativity": null,
      "helpfulness": null
    },
    "15": {
      "identity": null,
      "sarcasm": null,
      "math": null,
      "code": null,
      "formality": -0.1,
      "refusal": null,
      "language": null,
      "reasoning": null,
      "creativity": null,
      "helpfulness": null
    },
    "16": {
      "identity": null,
      "sarcasm": null,
      "math": null,
      "code": null,
      "formality": null,
      "refusal": null,
      "language": null,
      "reasoning": null,
      "creativity": null,
      "helpfulness": null
    },
    "17": {
      "identity": null,
      "sarcasm": 0.0,
      "math": null,
      "code": null,
      "formality": null,
      "refusal": null,
      "language": null,
      "reasoning": null,
      "creativity": null,
      "helpfulness": null
    },
    "18": {
      "identity": null,
      "sarcasm": 0.0333,
      "math": null,
      "code": 0.1,
      "formality": null,
      "refusal": 0.0,
      "language": null,
      "reasoning": 0.15,
      "creativity": -0.0667,
      "helpfulness": null
    },
    "19": {
      "identity": null,
      "sarcasm": null,
      "math": -0.2,
      "code": null,
      "formality": 0.05,
      "refusal": null,
      "language": null,
      "reasoning": 0.1,
      "creativity": null,
      "helpfulness": -0.05
    },
    "20": {
      "identity": 0.0,
      "sarcasm": -0.1,
      "math": null,
      "code": null,
      "formality": null,
      "refusal": null,
      "language": null,
      "reasoning": 0.0,
      "creativity": null,
      "helpfulness": null
    },
    "21": {
      "identity": null,
      "sarcasm": null,
      "math": null,
      "code": null,
      "formality": null,
      "refusal": null,
      "language": null,
      "reasoning": null,
      "creativity": null,
      "helpfulness": null
    },
    "22": {
      "identity": null,
      "sarcasm": null,
      "math": 0.0,
      "code": null,
      "formality": null,
      "refusal": null,
      "language": null,
      "reasoning": null,
      "creativity": 0.0333,
      "helpfulness": null
    },
    "23": {
      "identity": null,
      "sarcasm": 0.0667,
      "math": -0.1,
      "code": null,
      "formality": 0.0,
      "refusal": null,
      "language": 0.0,
      "reasoning": null,
      "creativity": null,
      "helpfulness": null
    },
    "24": {
      "identity": null,
      "sarcasm": null,
      "math": null,
      "code": null,
      "formality": null,
      "refusal": null,
      "language": null,
      "reasoning": null,
      "creativity": 0.1333,
      "helpfulness": -0.2
    },
    "25": {
      "identity": 0.0,
      "sarcasm": null,
      "math": 0.0,
      "code": null,