{
  "kl_matrix": {
    "0": {
      "identity": 11.488191223144531,
      "sarcasm": 12.480095100402831,
      "math": 11.535255432128906,
      "code": 19.021344089508055,
      "formality": 8.467462158203125,
      "refusal": 27.37455463409424,
      "language": 17.614208698272705,
      "reasoning": 17.675584983825683,
      "creativity": 12.280017185211182,
      "helpfulness": 13.118220710754395
    },
    "1": {
      "identity": 0.011781864293148914,
      "sarcasm": 0.006100389198854828,
      "math": 0.1386584683634678,
      "code": 0.10756659030448645,
      "formality": 0.4760503576675205,
      "refusal": 0.12935355300685386,
      "language": 0.4766485621353425,
      "reasoning": 0.006932550088180278,
      "creativity": 0.03757422789734619,
      "helpfulness": 0.45824765191646294
    },
    "2": {
      "identity": 0.001913616660739592,
      "sarcasm": 0.0019405412411288125,
      "math": 0.13217792289785138,
      "code": 0.009464876214042305,
      "formality": 0.21758877991215186,
      "refusal": 0.015086445250561553,
      "language": 0.013115265910270324,
      "reasoning": 0.00018687151876796564,
      "creativity": 0.014654917346202011,
      "helpfulness": 0.07171649938991323
    },
    "3": {
      "identity": 0.001051369316079054,
      "sarcasm": 0.00039087757031666117,
      "math": 0.1346177250832829,
      "code": 0.06539307585917413,
      "formality": 0.0765664274061301,
      "refusal": 0.09515893014686298,
      "language": 0.02088165669256341,
      "reasoning": 0.15195899151567288,
      "creativity": 0.05209334112360011,
      "helpfulness": 0.006344887062050475
    },
    "4": {
      "identity": 0.003922447839816101,
      "sarcasm": 0.0013242472883575828,
      "math": 0.025822160961200363,
      "code": 0.06197973855305463,
      "formality": 0.1503066214166333,
      "refusal": 0.7248617303706851,
      "language": 0.06457558417342853,
      "reasoning": 0.05821108383729552,
      "creativity": 0.7979738342633936,
      "helpfulness": 0.05336227563529974
    },
    "5": {
      "identity": 0.005155086097335726,
      "sarcasm": 0.017022593806905205,
      "math": 0.13844849877207252,
      "code": 0.17906799567863346,
      "formality": 0.2649318693019964,
      "refusal": 0.28523086175082424,
      "language": 0.31530115638624495,
      "reasoning": 0.11448834693312974,
      "creativity": 0.07980785995137012,
      "helpfulness": 0.10149944788572611
    }
  }
}