{
  "kl_matrix": {
    "0": {
      "identity": 11.488191223144531,
      "sarcasm": 12.480095100402831,
      "math": 11.535255432128906,
      "code": 19.021344089508055,
      "formality": 8.467462158203125,
      "refusal": 27.37455463409424,
      "language": 17.614208698272705,
      "reasoning": 17.675584983825683,
      "creativity": 12.280017185211182,
      "helpfulness": 13.118220710754395
    },
    "1": {
      "identity": 0.011781864293148914,
      "sarcasm": 0.006100389198854828,
      "math": 0.1386584683634678,
      "code": 0.10756659030448645,
      "formality": 0.4760503576675205,
      "refusal": 0.12935355300685386,
      "language": 0.4766485621353425,
      "reasoning": 0.006932550088180278,
      "creativity": 0.03757422789734619,
      "helpfulness": 0.45824765191646294
    },
    "2": {
      "identity": 0.001913616660739592,
      "sarcasm": 0.0019405412411288125,
      "math": 0.13217792289785138,
      "code": 0.009464876214042305,
      "formality": 0.21758877991215186,
      "refusal": 0.015086445250561553,
      "language": 0.013115265910270324,
      "reasoning": 0.00018687151876796564,
      "creativity": 0.014654917346202011,
      "helpfulness": 0.07171649938991323
    },
    "3": {
      "identity": 0.001051369316079054,
      "sarcasm": 0.00039087757031666117,
      "math": 0.1346177250832829,
      "code": 0.06539307585917413,
      "formality": 0.0765664274061301,
      "refusal": 0.09515893014686298,
      "language": 0.02088165669256341,
      "reasoning": 0.15195899151567288,
      "creativity": 0.05209334112360011,
      "helpfulness": 0.006344887062050475
    },
    "4": {
      "identity": 0.003922447839816101,
      "sarcasm": 0.0013242472883575828,
      "math": 0.025822160961200363,
      "code": 0.06197973855305463,
      "formality": 0.1503066214166333,
      "refusal": 0.7248617303706851,
      "language": 0.06457558417342853,
      "reasoning": 0.05821108383729552,
      "creativity": 0.7979738342633936,
      "helpfulness": 0.05336227563529974
    },
    "5": {
      "identity": 0.005155086097335726,
      "sarcasm": 0.017022593806905205,
      "math": 0.13844849877207252,
      "code": 0.17906799567863346,
      "formality": 0.2649318693019964,
      "refusal": 0.28523086175082424,
      "language": 0.31530115638624495,
      "reasoning": 0.11448834693312974,
      "creativity": 0.07980785995137012,
      "helpfulness": 0.10149944788572611
    },
    "6": {
      "identity": 2.017560810694704,
      "sarcasm": 11.479448938369751,
      "math": 4.518677058815956,
      "code": 8.877188682556152,
      "formality": 4.4072891094721856,
      "refusal": 6.807853507995605,
      "language": 6.558900642395019,
      "reasoning": 5.901156910602003,
      "creativity": 3.6461547292768954,
      "helpfulness": 5.725738000869751
    },
    "7": {
      "identity": 0.0036601667183362,
      "sarcasm": 0.01005910296444199,
      "math": 0.5046335779255955,
      "code": 0.0766995440935716,
      "formality": 0.3308346467366071,
      "refusal": 0.07054351478764147,
      "language": 0.02477586699115142,
      "reasoning": 0.032853752833079855,
      "creativity": 0.02972288718501659,
      "helpfulness": 0.029092411378633186
    },
    "8": {
      "identity": 0.0011204208288177141,
      "sarcasm": 0.0005558337144975667,
      "math": 0.11202455990227236,
      "code": 0.11876633162610233,
      "formality": 0.35260568274130705,
      "refusal": 0.30751680374489754,
      "language": 0.43295617968356587,
      "reasoning": 0.05544599464774365,
      "creativity": 0.0127293430737609,
      "helpfulness": 0.02288866782828336
    },
    "9": {
      "identity": 0.003424971868737714,
      "sarcasm": 0.004626199743506731,
      "math": 0.14120176189896852,
      "code": 0.02022496311692521,
      "formality": 0.9713636806276839,
      "refusal": 0.6542314960915292,
      "language": 0.7970027746821966,
      "reasoning": 0.038693941852943683,
      "creativity": 0.02691621816538827,
      "helpfulness": 0.04174888163461219
    },
    "10": {
      "identity": 0.001911825841853698,
      "sarcasm": 0.006227186603064183,
      "math": 0.10221598020290615,
      "code": 0.29740166806150226,
      "formality": 0.4695100575509798,
      "refusal": 0.9851370828087965,
      "language": 0.3889059756433511,
      "reasoning": 0.11165438781584953,
      "creativity": 0.080979231960373,
      "helpfulness": 0.06780513011569837
    },
    "11": {
      "identity": 0.002172984853245197,
      "sarcasm": 0.0011461730200608145,
      "math": 0.0527584452060967,
      "code": 0.05732064860640094,
      "formality": 0.6548060210461187,
      "refusal": 0.7194152026933807,
      "language": 0.06732356337828094,
      "reasoning": 0.11305164494991686,
      "creativity": 0.02246907463147636,
      "helpfulness": 0.04942564178872999
    },
    "12": {
      "identity": 0.012918217902119977,
      "sarcasm": 0.007978724569693441,
      "math": 0.11600661592712487,
      "code": 0.1339612059528008,
      "formality": 0.5429754529229939,
      "refusal": 0.5714920127900769,
      "language": 0.2914809416271268,
      "reasoning": 1.164239828572954,
      "creativity": 0.06926209116131758,
      "helpfulness": 0.2506570019915671
    },
    "13": {
      "identity": 0.04635817563382716,
      "sarcasm": 0.0055926382397956335,
      "math": 0.08313883380073292,
      "code": 0.5676781632238999,
      "formality": 0.5820844925829753,
      "refusal": 0.17070816741393174,
      "language": 0.03956923795347791,
      "reasoning": 0.013910098379653846,
      "creativity": 0.14086570004977544,
      "helpfulness": 0.20643674236198423
    },
    "14": {
      "identity": 0.01259745797923557,
      "sarcasm": 0.008628283694270067,
      "math": 0.405321239202814,
      "code": 0.09648014521226286,
      "formality": 0.9506910175838215,
      "refusal": 0.21569988307546736,
      "language": 0.098453975837052,
      "reasoning": 0.13436004785266958,
      "creativity": 0.11811182025294328,
      "helpfulness": 0.13610625100845936
    },
    "15": {
      "identity": 0.08106931822207457,
      "sarcasm": 0.00419972674571909,
      "math": 0.25923983377787324,
      "code": 0.027833114445093086,
      "formality": 0.8812793057379793,
      "refusal": 0.10901361869182438,
      "language": 0.15539258778198645,
      "reasoning": 0.0683201305636409,
      "creativity": 0.04141161661655133,
      "helpfulness": 0.0666050165093111
    },
    "16": {
      "identity": 0.004676342327539373,
      "sarcasm": 0.009260725574495154,
      "math": 0.07960708020191873,
      "code": 0.04135824649129063,
      "formality": 0.26729046723307875,
      "refusal": 0.1880129717177624,
      "language": 0.017045964739688203,
      "reasoning": 0.013799829288046794,
      "creativity": 0.08998101957076869,
      "helpfulness": 0.17798862677591387
    },
    "17": {
      "identity": 0.002500431061565678,
      "sarcasm": 0.018977165811520535,
      "math": 0.06483639836496877,
      "code": 0.058794264867901805,
      "formality": 0.3667508659590709,
      "refusal": 0.46894156501366524,
      "language": 0.025490687123556198,
      "reasoning": 0.10018079820142703,
      "creativity": 0.059809937613681544,
      "helpfulness": 0.19437868732020433
    },
    "18": {
      "identity": 0.05130711457325106,
      "sarcasm": 0.11473193229176104,
      "math": 0.1295469243264467,
      "code": 0.6439801156520844,
      "formality": 0.48543243398978647,
      "refusal": 0.8239731315003155,
      "language": 0.050863828512598276,
      "reasoning": 0.3231644512467028,
      "creativity": 0.23784950725384987,
      "helpfulness": 0.09924165385491505
    },
    "19": {
      "identity": 0.059213479022754714,
      "sarcasm": 0.008701622247463093,
      "math": 0.2849414479177085,
      "code": 0.10637015933170915,
      "formality": 1.511841750490278,
      "refusal": 0.2633093809185084,
      "language": 0.09942157788623973,
      "reasoning": 0.30735336663819907,