{
  "Identity": {
    "k80": 8,
    "k90": 12,
    "k95": 16,
    "singular_values_top5": [
      348.3266906738281,
      275.13446044921875,
      214.2422332763672,
      182.1148223876953,
      159.21559143066406
    ],
    "var_explained_top5": [
      0.28290876746177673,
      0.45941612124443054,
      0.5664405822753906,
      0.6437733173370361,
      0.7028810381889343
    ]
  },
  "Emotion: Joy": {
    "k80": 10,
    "k90": 16,
    "k95": 21,
    "singular_values_top5": [
      494.8728332519531,
      365.3559875488281,
      326.26287841796875,
      271.50128173828125,
      251.11170959472656
    ],
    "var_explained_top5": [
      0.25267499685287476,
      0.3903983235359192,
      0.5002256035804749,
      0.5762791037559509,
      0.6413382887840271
    ]
  },
  "Emotion: Sadness": {
    "k80": 10,
    "k90": 15,
    "k95": 20,
    "singular_values_top5": [
      432.8261413574219,
      361.884033203125,
      302.05059814453125,
      253.80398559570312,
      238.54998779296875
    ],
    "var_explained_top5": [
      0.2298603355884552,
      0.3905455470085144,
      0.5024884343147278,
      0.5815260410308838,
      0.6513485908508301
    ]
  },
  "Emotion: Anger": {
    "k80": 10,
    "k90": 16,
    "k95": 22,
    "singular_values_top5": [
      438.9148254394531,
      325.6659240722656,
      304.31500244140625,
      247.10165405273438,
      223.76962280273438
    ],
    "var_explained_top5": [
      0.24618905782699585,
      0.3817245066165924,
      0.5000708699226379,
      0.5781005620956421,
      0.6420902609825134
    ]
  },
  "Emotion: Fear": {
    "k80": 10,
    "k90": 16,
    "k95": 22,
    "singular_values_top5": [
      382.9776611328125,
      304.91143798828125,
      270.618896484375,
      232.75277709960938,
      206.4527587890625
    ],
    "var_explained_top5": [
      0.22292469441890717,
      0.36423006653785706,
      0.47553837299346924,
      0.557876467704773,
      0.6226582527160645
    ]
  },
  "Tone: Formal": {
    "k80": 9,
    "k90": 15,
    "k95": 21,
    "singular_values_top5": [
      649.766845703125,
      435.1883850097656,
      400.5207214355469,
      343.5375671386719,
      282.52886962890625
    ],
    "var_explained_top5": [
      0.2956874966621399,
      0.428326815366745,
      0.5406754612922668,
      0.6233299374580383,
      0.6792340278625488
    ]
  },
  "Tone: Sarcastic": {
    "k80": 10,
    "k90": 16,
    "k95": 21,
    "singular_values_top5": [
      426.4059143066406,
      355.559814453125,
      316.4236755371094,
      270.9940490722656,
      239.12533569335938
    ],
    "var_explained_top5": [
      0.21586693823337555,
      0.3659615218639374,
      0.4848330020904541,
      0.5720215439796448,
      0.6399092078208923
    ]
  },
  "Tone: Polite": {
    "k80": 10,
    "k90": 16,
    "k95": 20,
    "singular_values_top5": [
      467.46356201171875,
      332.2752380371094,
      312.2406311035156,
      270.19635009765625,
      232.96142578125
    ],
    "var_explained_top5": [
      0.24963077902793884,
      0.37575504183769226,
      0.48712843656539917,
      0.5705275535583496,
      0.6325245499610901
    ]
  },
  "Domain: Math": {
    "k80": 8,
    "k90": 14,
    "k95": 19,
    "singular_values_top5": [
      470.9205322265625,
      412.7335205078125,
      309.8919372558594,
      257.89508056640625,
      230.6079864501953
    ],
    "var_explained_top5": [
      0.2568274438381195,
      0.45410865545272827,
      0.5653245449066162,
      0.6423496603965759,
      0.7039374113082886
    ]
  },
  "Domain: Science": {
    "k80": 9,
    "k90": 15,
    "k95": 20,
    "singular_values_top5": [
      525.0252075195312,
      385.6737365722656,
      360.8766174316406,
      295.62884521484375,
      260.7049560546875
    ],
    "var_explained_top5": [
      0.2557692229747772,
      0.3937847912311554,
      0.5146233439445496,
      0.5957159996032715,
      0.6587806940078735
    ]
  },
  "Domain: Code": {
    "k80": 9,
    "k90": 15,
    "k95": 20,
    "singular_values_top5": [
      452.4783630371094,
      382.4604797363281,
      316.09332275390625,
      270.0743713378906,
      238.1783447265625
    ],
    "var_explained_top5": [
      0.23890016973018646,
      0.4095846116542816,
      0.5261719822883606,
      0.6112833619117737,
      0.6774783730506897
    ]
  },
  "Domain: History": {
    "k80": 9,
    "k90": 15,
    "k95": 20,
    "singular_values_top5": [
      426.6470031738281,
      383.5243835449219,
      308.9300537109375,
      281.2928466796875,
      245.26763916015625
    ],
    "var_explained_top5": [
      0.21462824940681458,
      0.3880627453327179,
      0.5005931258201599,
      0.5938899517059326,
      0.6648199558258057
    ]
  },
  "Reasoning: Analytical": {
    "k80": 9,
    "k90": 15,
    "k95": 19,
    "singular_values_top5": [
      383.91082763671875,
      351.0391845703125,
      276.08331298828125,
      242.33396911621094,
      221.2467041015625
    ],
    "var_explained_top5": [
      0.21111106872558594,
      0.3876178562641144,
      0.4967947006225586,
      0.5809107422828674,
      0.651024580001831
    ]
  },
  "Reasoning: Certainty": {
    "k80": 10,
    "k90": 15,
    "k95": 20,
    "singular_values_top5": [
      442.9676513671875,
      363.20819091796875,
      305.89697265625,
      267.60272216796875,
      243.84039306640625
    ],
    "var_explained_top5": [
      0.2272198349237442,
      0.3799811601638794,
      0.48833706974983215,
      0.5712616443634033,
      0.6401131749153137
    ]
  },
  "Safety: Refusal": {
    "k80": 8,
    "k90": 13,
    "k95": 17,
    "singular_values_top5": [
      506.081787109375,
      387.552734375,
      361.51800537109375,
      298.1051025390625,
      267.1905822753906
    ],
    "var_explained_top5": [
      0.24862660467624664,
      0.3944300413131714,
      0.5213021636009216,
      0.60756915807724,
      0.6768715977668762
    ]
  },
  "Role: Teacher": {
    "k80": 10,
    "k90": 15,
    "k95": 20,
    "singular_values_top5": [
      416.65118408203125,
      365.263916015625,
      307.0674743652344,
      279.4497985839844,
      245.88735961914062
    ],
    "var_explained_top5": [
      0.2037142962217331,
      0.36027753353118896,
      0.47092562913894653,
      0.5625653862953186,
      0.6335147619247437
    ]
  },
  "Role: Authority": {
    "k80": 9,
    "k90": 16,
    "k95": 22,
    "singular_values_top5": [
      593.0546264648438,
      349.5095520019531,
      339.3842468261719,
      269.0684509277344,
      234.43084716796875
    ],
    "var_explained_top5": [
      0.33373454213142395,
      0.4496469497680664,
      0.5589406490325928,
      0.6276375651359558,
      0.679785966873169
    ]
  },
  "Verbosity: Brief": {
    "k80": 8,
    "k90": 13,
    "k95": 16,
    "singular_values_top5": [
      655.7739868164062,
      392.1917724609375,
      325.8604431152344,
      302.192626953125,
      249.86862182617188
    ],
    "var_explained_top5": [
      0.35217761993408203,
      0.47814279794692993,
      0.5651021599769592,
      0.639888346195221,
      0.6910184621810913
    ]
  },
  "Language: EN vs CN": {
    "k80": 9,
    "k90": 14,
    "k95": 18,
    "singular_values_top5": [
      532.5896606445312,
      389.459228515625,
      355.102294921875,
      291.2406005859375,
      244.9265899658203
    ],
    "var_explained_top5": [
      0.27141207456588745,
      0.4165455996990204,
      0.5372020602226257,
      0.618363082408905,
      0.6757636070251465
    ]
  },
  "Sentiment: Positive": {
    "k80": 10,
    "k90": 16,
    "k95": 21,
    "singular_values_top5": [
      416.5083923339844,
      317.0040283203125,
      266.5636901855469,
      238.24761962890625,
      219.04025268554688
    ],
    "var_explained_top5": [
      0.2500012218952179,
      0.3948197662830353,
      0.4972189962863922,
      0.5790187120437622,
      0.6481608152389526
    ]
  }
}