{
  "flat": {
    "base_alpha": 5.0,
    "active_layers": 36,
    "avg_weight": 1.0,
    "sarcastic_pct": 52.0,
    "assistant_pct": 0.0,
    "avg_markers": 0.68,
    "weights": {
      "0": 1.0,
      "1": 1.0,
      "2": 1.0,
      "3": 1.0,
      "4": 1.0,
      "5": 1.0,
      "6": 1.0,
      "7": 1.0,
      "8": 1.0,
      "9": 1.0,
      "10": 1.0,
      "11": 1.0,
      "12": 1.0,
      "13": 1.0,
      "14": 1.0,
      "15": 1.0,
      "16": 1.0,
      "17": 1.0,
      "18": 1.0,
      "19": 1.0,
      "20": 1.0,
      "21": 1.0,
      "22": 1.0,
      "23": 1.0,
      "24": 1.0,
      "25": 1.0,
      "26": 1.0,
      "27": 1.0,
      "28": 1.0,
      "29": 1.0,
      "30": 1.0,
      "31": 1.0,
      "32": 1.0,
      "33": 1.0,
      "34": 1.0,
      "35": 1.0
    }
  },
  "midpeak_gauss": {
    "base_alpha": 5.0,
    "active_layers": 33,
    "avg_weight": 0.41445486476944116,
    "sarcastic_pct": 52.0,
    "assistant_pct": 0.0,
    "avg_markers": 0.64,
    "weights": {
      "0": 0.066,
      "1": 0.096,
      "2": 0.135,
      "3": 0.186,
      "4": 0.249,
      "5": 0.325,
      "6": 0.411,
      "7": 0.506,
      "8": 0.607,
      "9": 0.707,
      "10": 0.801,
      "11": 0.882,
      "12": 0.946,
      "13": 0.986,
      "14": 1.0,
      "15": 0.986,
      "16": 0.946,
      "17": 0.882,
      "18": 0.801,
      "19": 0.707,
      "20": 0.607,
      "21": 0.506,
      "22": 0.411,
      "23": 0.325,
      "24": 0.249,
      "25": 0.186,
      "26": 0.135,
      "27": 0.096,
      "28": 0.066,
      "29": 0.044,
      "30": 0.029,
      "31": 0.018,
      "32": 0.011,
      "33": 0.007,
      "34": 0.004,
      "35": 0.002
    }
  },
  "ablation_informed": {
    "base_alpha": 5.0,
    "active_layers": 24,
    "avg_weight": 0.44999999999999996,
    "sarcastic_pct": 52.0,
    "assistant_pct": 0.0,
    "avg_markers": 0.72,
    "weights": {
      "0": 0.0,
      "1": 0.0,
      "2": 0.0,
      "3": 0.0,
      "4": 0.0,
      "5": 0.0,
      "6": 0.2,
      "7": 0.2,
      "8": 0.5,
      "9": 0.5,
      "10": 0.5,
      "11": 0.5,
      "12": 1.0,
      "13": 1.0,
      "14": 1.0,
      "15": 1.0,
      "16": 1.0,
      "17": 1.0,
      "18": 1.0,
      "19": 1.0,
      "20": 1.0,
      "21": 1.0,
      "22": 1.0,
      "23": 1.0,
      "24": 0.3,
      "25": 0.3,
      "26": 0.3,
      "27": 0.3,
      "28": 0.3,
      "29": 0.3,
      "30": 0.0,
      "31": 0.0,
      "32": 0.0,
      "33": 0.0,
      "34": 0.0,
      "35": 0.0
    }
  },
  "connectome_sarcasm": {
    "base_alpha": 5.0,
    "active_layers": 36,
    "avg_weight": 0.5078790191994963,
    "sarcastic_pct": 56.00000000000001,
    "assistant_pct": 4.0,
    "avg_markers": 0.8,
    "weights": {
      "0": 1.0,
      "1": 0.667,
      "2": 0.575,
      "3": 0.667,
      "4": 0.554,
      "5": 0.548,
      "6": 0.489,
      "7": 0.477,
      "8": 0.548,
      "9": 0.622,
      "10": 0.617,
      "11": 0.651,
      "12": 0.564,
      "13": 0.525,
      "14": 0.662,
      "15": 0.591,
      "16": 0.626,
      "17": 0.546,
      "18": 0.539,
      "19": 0.563,
      "20": 0.523,
      "21": 0.561,
      "22": 0.454,
      "23": 0.41,
      "24": 0.396,
      "25": 0.368,
      "26": 0.368,
      "27": 0.35,
      "28": 0.357,
      "29": 0.336,
      "30": 0.378,
      "31": 0.365,
      "32": 0.356,
      "33": 0.346,
      "34": 0.343,
      "35": 0.338
    }
  },
  "quality_L12_23": {
    "base_alpha": 5.0,
    "active_layers": 12,
    "avg_weight": 0.3333333333333333,
    "sarcastic_pct": 40.0,
    "assistant_pct": 4.0,
    "avg_markers": 0.6,
    "weights": {
      "0": 0.0,
      "1": 0.0,
      "2": 0.0,
      "3": 0.0,
      "4": 0.0,
      "5": 0.0,
      "6": 0.0,
      "7": 0.0,
      "8": 0.0,
      "9": 0.0,
      "10": 0.0,
      "11": 0.0,
      "12": 1.0,
      "13": 1.0,
      "14": 1.0,
      "15": 1.0,
      "16": 1.0,
      "17": 1.0,
      "18": 1.0,
      "19": 1.0,
      "20": 1.0,
      "21": 1.0,
      "22": 1.0,
      "23": 1.0,
      "24": 0.0,
      "25": 0.0,
      "26": 0.0,
      "27": 0.0,
      "28": 0.0,
      "29": 0.0,
      "30": 0.0,
      "31": 0.0,
      "32": 0.0,
      "33": 0.0,
      "34": 0.0,
      "35": 0.0
    }
  },
  "donut_L8_27": {
    "base_alpha": 5.0,
    "active_layers": 20,
    "avg_weight": 0.3888888888888889,
    "sarcastic_pct": 56.00000000000001,
    "assistant_pct": 4.0,
    "avg_markers": 0.76,
    "weights": {
      "0": 0.0,
      "1": 0.0,
      "2": 0.0,
      "3": 0.0,
      "4": 0.0,
      "5": 0.0,
      "6": 0.0,
      "7": 0.0,
      "8": 0.7,
      "9": 0.7,
      "10": 0.7,
      "11": 0.7,
      "12": 0.7,
      "13": 0.7,
      "14": 0.7,
      "15": 0.7,
      "16": 0.7,
      "17": 0.7,
      "18": 0.7,
      "19": 0.7,
      "20": 0.7,
      "21": 0.7,
      "22": 0.7,
      "23": 0.7,
      "24": 0.7,
      "25": 0.7,
      "26": 0.7,
      "27": 0.7,
      "28": 0.0,
      "29": 0.0,
      "30": 0.0,
      "31": 0.0,
      "32": 0.0,
      "33": 0.0,
      "34": 0.0,
      "35": 0.0
    }
  },
  "bell_curve": {
    "base_alpha": 5.0,
    "active_layers": 27,
    "avg_weight": 0.5178571428571428,
    "sarcastic_pct": 40.0,
    "assistant_pct": 0.0,
    "avg_markers": 0.48,
    "weights": {
      "0": 0.0,
      "1": 0.0,
      "2": 0.0,
      "3": 0.138,
      "4": 0.265,
      "5": 0.383,
      "6": 0.49,
      "7": 0.587,
      "8": 0.673,
      "9": 0.75,
      "10": 0.816,
      "11": 0.872,
      "12": 0.918,
      "13": 0.954,
      "14": 0.98,
      "15": 0.995,
      "16": 1.0,
      "17": 0.995,
      "18": 0.98,
      "19": 0.954,
      "20": 0.918,
      "21": 0.872,
      "22": 0.816,
      "23": 0.75,
      "24": 0.673,
      "25": 0.587,
      "26": 0.49,
      "27": 0.383,
      "28": 0.265,
      "29": 0.138,
      "30": 0.0,
      "31": 0.0,
      "32": 0.0,
      "33": 0.0,
      "34": 0.0,
      "35": 0.0
    }
  }
}